{"cameraMode":{"drawMode":0,"name":"Shaded","section":"Shading Mode"},"sceneLighting":true,"audioPlay":false,"sceneViewState":{"showFog":true,"showMaterialUpdate":false,"showSkybox":true,"showFlares":true,"showImageEffects":true,"showParticleSystems":true},"in2DMode":false,"pivot":{"x":3.0368940830230715,"y":-8.066073417663575,"z":13.510915756225586},"rotation":{"x":-0.6976001858711243,"y":-0.02190752699971199,"z":0.02135062962770462,"w":-0.7158339619636536},"size":17.19483184814453,"orthographic":false}