{"cameraMode":{"drawMode":0,"name":"Shaded","section":"Shading Mode"},"sceneLighting":true,"audioPlay":false,"sceneViewState":{"showFog":true,"showMaterialUpdate":false,"showSkybox":true,"showFlares":true,"showImageEffects":true,"showParticleSystems":true},"in2DMode":false,"pivot":{"x":45.117855072021487,"y":13.45981216430664,"z":90.0},"rotation":{"x":-0.2427084892988205,"y":0.07934863865375519,"z":-0.01992581970989704,"w":-0.9666433930397034},"size":101.12442779541016,"orthographic":false}