{"cameraMode":{"drawMode":0,"name":"Shaded","section":"Shading Mode"},"sceneLighting":true,"audioPlay":false,"sceneViewState":{"showFog":true,"showMaterialUpdate":false,"showSkybox":true,"showFlares":true,"showImageEffects":true,"showParticleSystems":true},"in2DMode":false,"pivot":{"x":1.3899999856948853,"y":-5.559999942779541,"z":9.890000343322754},"rotation":{"x":-0.28643205761909487,"y":-0.30802837014198305,"z":0.09782085567712784,"w":-0.9019458889961243},"size":20.045900344848634,"orthographic":false}