{"cameraMode":{"drawMode":0,"name":"Shaded","section":"Shading Mode"},"sceneLighting":true,"audioPlay":false,"sceneViewState":{"showFog":true,"showMaterialUpdate":false,"showSkybox":true,"showFlares":true,"showImageEffects":true,"showParticleSystems":true},"in2DMode":false,"pivot":{"x":-156.97232055664063,"y":168.47494506835938,"z":-186.54074096679688},"rotation":{"x":-0.6301541924476624,"y":0.033283792436122897,"z":-0.02705349214375019,"w":-0.775284469127655},"size":186.42945861816407,"orthographic":false}