{"cameraMode":{"drawMode":0,"name":"Shaded","section":"Shading Mode"},"sceneLighting":true,"audioPlay":false,"sceneViewState":{"showFog":true,"showMaterialUpdate":false,"showSkybox":true,"showFlares":true,"showImageEffects":true,"showParticleSystems":true},"in2DMode":false,"pivot":{"x":1.1500000953674317,"y":-4.800000190734863,"z":13.25},"rotation":{"x":-0.5975959897041321,"y":-0.00047734210966154933,"z":0.00035643239971250296,"w":-0.8017971515655518},"size":10.070539474487305,"orthographic":false}