{"cameraMode":{"drawMode":0,"name":"Shaded","section":"Shading Mode"},"sceneLighting":true,"audioPlay":false,"sceneViewState":{"showFog":true,"showMaterialUpdate":false,"showSkybox":true,"showFlares":true,"showImageEffects":true,"showParticleSystems":true},"in2DMode":false,"pivot":{"x":1.547890305519104,"y":-5.20914363861084,"z":15.36500072479248},"rotation":{"x":-0.651454508304596,"y":0.0006853779777884483,"z":-0.0005890880129300058,"w":-0.7586871981620789},"size":19.98858070373535,"orthographic":false}