{"cameraMode":{"drawMode":0,"name":"Shaded","section":"Shading Mode"},"sceneLighting":true,"audioPlay":false,"sceneViewState":{"showFog":true,"showMaterialUpdate":false,"showSkybox":true,"showFlares":true,"showImageEffects":true,"showParticleSystems":true},"in2DMode":false,"pivot":{"x":2.4812002182006838,"y":-1.2100000381469727,"z":12.16299819946289},"rotation":{"x":-0.4589998424053192,"y":-0.019989194348454477,"z":0.010328618809580803,"w":-0.8881514668464661},"size":155.6400604248047,"orthographic":false}