{"cameraMode":{"drawMode":0,"name":"Shaded","section":"Shading Mode"},"sceneLighting":true,"audioPlay":false,"sceneViewState":{"showFog":true,"showMaterialUpdate":false,"showSkybox":true,"showFlares":true,"showImageEffects":true,"showParticleSystems":true},"in2DMode":false,"pivot":{"x":-4.739999771118164,"y":-0.6779999732971191,"z":22.610000610351564},"rotation":{"x":0.08791359513998032,"y":0.27392062544822695,"z":0.02490723878145218,"w":-0.9574018716812134},"size":1.730499029159546,"orthographic":false}