{"cameraMode":{"drawMode":0,"name":"Shaded","section":"Shading Mode"},"sceneLighting":false,"audioPlay":false,"sceneViewState":{"showFog":true,"showMaterialUpdate":true,"showSkybox":true,"showFlares":true,"showImageEffects":true,"showParticleSystems":true},"in2DMode":false,"pivot":{"x":-8.933350563049317,"y":1.9667913913726807,"z":8.466445922851563},"rotation":{"x":-0.08168116956949234,"y":0.8584847450256348,"z":-0.14455357193946839,"w":-0.4852178990840912},"size":13.70365047454834,"orthographic":false}