{"cameraMode":{"drawMode":0,"name":"Shaded","section":"Shading Mode"},"sceneLighting":false,"audioPlay":false,"sceneViewState":{"showFog":true,"showMaterialUpdate":true,"showSkybox":true,"showFlares":true,"showImageEffects":true,"showParticleSystems":true},"in2DMode":false,"pivot":{"x":-4.22679328918457,"y":1.4492981433868409,"z":22.687910079956056},"rotation":{"x":0.058260951191186908,"y":-0.589387059211731,"z":0.04272007942199707,"w":0.8046139478683472},"size":8.383336067199707,"orthographic":false}