{"cameraMode":{"drawMode":0,"name":"Shaded","section":"Shading Mode"},"sceneLighting":false,"audioPlay":false,"sceneViewState":{"showFog":true,"showMaterialUpdate":true,"showSkybox":true,"showFlares":true,"showImageEffects":true,"showParticleSystems":true},"in2DMode":false,"pivot":{"x":-7.083624839782715,"y":4.415541648864746,"z":5.057794094085693},"rotation":{"x":0.011557520367205143,"y":-0.9743617177009583,"z":0.21871300041675569,"w":0.051480863243341449},"size":2.157538652420044,"orthographic":false}