{"cameraMode":{"drawMode":0,"name":"Shaded","section":"Shading Mode"},"sceneLighting":true,"audioPlay":false,"sceneViewState":{"showFog":true,"showMaterialUpdate":true,"showSkybox":true,"showFlares":true,"showImageEffects":true,"showParticleSystems":true},"in2DMode":false,"pivot":{"x":1.324289321899414,"y":1.9695141315460206,"z":7.449936866760254},"rotation":{"x":-0.025958454236388208,"y":-0.9573497772216797,"z":0.09103649854660034,"w":-0.2729835510253906},"size":3.37803053855896,"orthographic":false}