{"cameraMode":{"drawMode":0,"name":"Shaded","section":"Shading Mode"},"sceneLighting":false,"audioPlay":false,"sceneViewState":{"showFog":true,"showMaterialUpdate":true,"showSkybox":true,"showFlares":true,"showImageEffects":true,"showParticleSystems":true},"in2DMode":false,"pivot":{"x":-0.9522457122802734,"y":-0.6155349612236023,"z":21.25658416748047},"rotation":{"x":0.17352354526519776,"y":-0.7095080614089966,"z":0.1874637007713318,"w":0.656768798828125},"size":3.039442300796509,"orthographic":false}