{"cameraMode":{"drawMode":0,"name":"Shaded","section":"Shading Mode"},"sceneLighting":false,"audioPlay":false,"sceneViewState":{"showFog":true,"showMaterialUpdate":true,"showSkybox":true,"showFlares":true,"showImageEffects":true,"showParticleSystems":true},"in2DMode":false,"pivot":{"x":0.59144127368927,"y":2.151848793029785,"z":11.987566947937012},"rotation":{"x":0.00005499443068401888,"y":-0.9933013916015625,"z":0.11555008590221405,"w":0.0007635749061591923},"size":0.9069902300834656,"orthographic":false}