{"cameraMode":{"drawMode":0,"name":"Shaded","section":"Shading Mode"},"sceneLighting":false,"audioPlay":false,"sceneViewState":{"showFog":true,"showMaterialUpdate":true,"showSkybox":true,"showFlares":true,"showImageEffects":true,"showParticleSystems":true},"in2DMode":false,"pivot":{"x":-7.202271461486816,"y":-1.6558632850646973,"z":6.98842716217041},"rotation":{"x":-0.0074945357628166679,"y":0.9923698306083679,"z":-0.09436819702386856,"w":-0.07899854332208634},"size":14.66794490814209,"orthographic":false}