{"cameraMode":{"drawMode":0,"name":"Shaded","section":"Shading Mode"},"sceneLighting":false,"audioPlay":false,"sceneViewState":{"showFog":true,"showMaterialUpdate":true,"showSkybox":true,"showFlares":true,"showImageEffects":true,"showParticleSystems":true},"in2DMode":false,"pivot":{"x":-7.601805686950684,"y":1.0823745727539063,"z":7.10601806640625},"rotation":{"x":0.09313703328371048,"y":0.8383550047874451,"z":-0.15152068436145783,"w":0.5152940154075623},"size":10.708141326904297,"orthographic":false}