{"cameraMode":{"drawMode":0,"name":"Shaded","section":"Shading Mode"},"sceneLighting":false,"audioPlay":false,"sceneViewState":{"showFog":true,"showMaterialUpdate":true,"showSkybox":true,"showFlares":true,"showImageEffects":true,"showParticleSystems":true},"in2DMode":false,"pivot":{"x":-1.1981267929077149,"y":-3.4935457706451418,"z":6.7363505363464359},"rotation":{"x":0.1343906670808792,"y":0.7551474571228027,"z":-0.16356705129146577,"w":0.6204331517219544},"size":9.264816284179688,"orthographic":false}