{"cameraMode":{"drawMode":0,"name":"Shaded","section":"Shading Mode"},"sceneLighting":false,"audioPlay":false,"sceneViewState":{"showFog":true,"showMaterialUpdate":true,"showSkybox":true,"showFlares":true,"showImageEffects":true,"showParticleSystems":true},"in2DMode":false,"pivot":{"x":1.3703831434249879,"y":-0.7539999485015869,"z":13.899200439453125},"rotation":{"x":-0.007878275588154793,"y":-0.9913604259490967,"z":0.070309579372406,"w":-0.11044922471046448},"size":12.564817428588868,"orthographic":false}