{"cameraMode":{"drawMode":0,"name":"Shaded","section":"Shading Mode"},"sceneLighting":false,"audioPlay":false,"sceneViewState":{"showFog":true,"showMaterialUpdate":true,"showSkybox":true,"showFlares":true,"showImageEffects":true,"showParticleSystems":true},"in2DMode":false,"pivot":{"x":-8.539637565612793,"y":-0.6680722236633301,"z":5.777496337890625},"rotation":{"x":-0.0038267222698777916,"y":0.9949162602424622,"z":-0.09160032868385315,"w":-0.04166966676712036},"size":26.702880859375,"orthographic":false}