{"cameraMode":{"drawMode":0,"name":"Shaded","section":"Shading Mode"},"sceneLighting":true,"audioPlay":false,"sceneViewState":{"showFog":true,"showMaterialUpdate":false,"showSkybox":true,"showFlares":true,"showImageEffects":true,"showParticleSystems":true},"in2DMode":false,"pivot":{"x":-1.7658590078353882,"y":2.547057867050171,"z":8.622135162353516},"rotation":{"x":0.0012077676365152002,"y":0.9859858155250549,"z":0.0070883240550756458,"w":-0.1666743904352188},"size":6.56112003326416,"orthographic":false}