{"cameraMode":{"drawMode":0,"name":"Shaded","section":"Shading Mode"},"sceneLighting":false,"audioPlay":false,"sceneViewState":{"showFog":true,"showMaterialUpdate":true,"showSkybox":true,"showFlares":true,"showImageEffects":true,"showParticleSystems":true},"in2DMode":false,"pivot":{"x":-1.4469294548034669,"y":2.0591750144958498,"z":7.933333396911621},"rotation":{"x":-0.021223895251750947,"y":-0.0885586068034172,"z":0.0018593742279335857,"w":-0.9958431124687195},"size":4.957269191741943,"orthographic":false}