{"cameraMode":{"drawMode":0,"name":"Shaded","section":"Shading Mode"},"sceneLighting":false,"audioPlay":false,"sceneViewState":{"showFog":true,"showMaterialUpdate":true,"showSkybox":true,"showFlares":true,"showImageEffects":true,"showParticleSystems":true},"in2DMode":false,"pivot":{"x":-2.3186230659484865,"y":0.9678264856338501,"z":13.047920227050782},"rotation":{"x":-0.028920697048306466,"y":-0.957025945186615,"z":0.10260932892560959,"w":-0.2696966528892517},"size":11.366106033325196,"orthographic":false}