{"cameraMode":{"drawMode":0,"name":"Shaded","section":"Shading Mode"},"sceneLighting":false,"audioPlay":false,"sceneViewState":{"showFog":true,"showMaterialUpdate":true,"showSkybox":true,"showFlares":true,"showImageEffects":true,"showParticleSystems":true},"in2DMode":false,"pivot":{"x":-11.990474700927735,"y":-0.007377982139587402,"z":16.079402923583986},"rotation":{"x":0.0911790207028389,"y":-0.7966716289520264,"z":0.12434069812297821,"w":0.5844144225120544},"size":14.482406616210938,"orthographic":false}