{"cameraMode":{"drawMode":0,"name":"Shaded","section":"Shading Mode"},"sceneLighting":false,"audioPlay":false,"sceneViewState":{"showFog":true,"showMaterialUpdate":true,"showSkybox":true,"showFlares":true,"showImageEffects":true,"showParticleSystems":true},"in2DMode":false,"pivot":{"x":-13.91707992553711,"y":-0.8753474950790405,"z":13.503988265991211},"rotation":{"x":-0.15818297863006593,"y":0.32428255677223208,"z":-0.05512550473213196,"w":-0.931010365486145},"size":18.857336044311525,"orthographic":false}