{"cameraMode":{"drawMode":0,"name":"Shaded","section":"Shading Mode"},"sceneLighting":false,"audioPlay":false,"sceneViewState":{"showFog":true,"showMaterialUpdate":true,"showSkybox":true,"showFlares":true,"showImageEffects":true,"showParticleSystems":true},"in2DMode":false,"pivot":{"x":-9.530094146728516,"y":3.9248929023742677,"z":-8.39911937713623},"rotation":{"x":-0.006495179142802954,"y":0.7987136840820313,"z":-0.008636701852083207,"w":-0.6016142964363098},"size":9.312621116638184,"orthographic":false}