{"cameraMode":{"drawMode":0,"name":"Shaded","section":"Shading Mode"},"sceneLighting":false,"audioPlay":false,"sceneViewState":{"showFog":true,"showMaterialUpdate":true,"showSkybox":true,"showFlares":true,"showImageEffects":true,"showParticleSystems":true},"in2DMode":false,"pivot":{"x":-8.582194328308106,"y":1.857936978340149,"z":14.566532135009766},"rotation":{"x":-0.1770370602607727,"y":0.09412883967161179,"z":-0.01704075187444687,"w":-0.979544460773468},"size":6.676983833312988,"orthographic":false}