{"cameraMode":{"drawMode":0,"name":"Shaded","section":"Shading Mode"},"sceneLighting":false,"audioPlay":false,"sceneViewState":{"showFog":true,"showMaterialUpdate":true,"showSkybox":true,"showFlares":true,"showImageEffects":true,"showParticleSystems":true},"in2DMode":false,"pivot":{"x":-16.931325912475587,"y":-0.9888005256652832,"z":2.932013511657715},"rotation":{"x":-0.015943750739097596,"y":0.9806005358695984,"z":-0.09028077870607376,"w":-0.17325639724731446},"size":32.01879119873047,"orthographic":false}