{"cameraMode":{"drawMode":0,"name":"Shaded","section":"Shading Mode"},"sceneLighting":false,"audioPlay":false,"sceneViewState":{"showFog":true,"showMaterialUpdate":true,"showSkybox":true,"showFlares":true,"showImageEffects":true,"showParticleSystems":true},"in2DMode":false,"pivot":{"x":-16.002391815185548,"y":-3.7780895233154299,"z":2.036916732788086},"rotation":{"x":-0.19588641822338105,"y":0.4364808201789856,"z":-0.09796525537967682,"w":-0.8726487755775452},"size":25.731597900390626,"orthographic":false}