{"cameraMode":{"drawMode":0,"name":"Shaded","section":"Shading Mode"},"sceneLighting":false,"audioPlay":false,"sceneViewState":{"showFog":true,"showMaterialUpdate":true,"showSkybox":true,"showFlares":true,"showImageEffects":true,"showParticleSystems":true},"in2DMode":false,"pivot":{"x":-6.172040939331055,"y":0.23163717985153199,"z":7.764472007751465},"rotation":{"x":-0.032254658639431,"y":-0.9671323895454407,"z":0.1598559021949768,"w":-0.19509147107601167},"size":2.3186206817626955,"orthographic":false}