{"cameraMode":{"drawMode":0,"name":"Shaded","section":"Shading Mode"},"sceneLighting":false,"audioPlay":false,"sceneViewState":{"showFog":true,"showMaterialUpdate":true,"showSkybox":true,"showFlares":true,"showImageEffects":true,"showParticleSystems":true},"in2DMode":false,"pivot":{"x":1.3703831434249879,"y":-0.7539999485015869,"z":13.899200439453125},"rotation":{"x":-0.016829349100589753,"y":-0.9763289093971252,"z":0.19924065470695496,"w":-0.08247306197881699},"size":1.7746045589447022,"orthographic":false}