{"cameraMode":{"drawMode":0,"name":"Shaded","section":"Shading Mode"},"sceneLighting":false,"audioPlay":false,"sceneViewState":{"showFog":true,"showMaterialUpdate":true,"showSkybox":true,"showFlares":true,"showImageEffects":true,"showParticleSystems":true},"in2DMode":false,"pivot":{"x":-1.5897866487503052,"y":2.094526767730713,"z":7.549243450164795},"rotation":{"x":0.004334423691034317,"y":-0.7226951718330383,"z":0.004582980182021856,"w":0.6911381483078003},"size":0.5172577500343323,"orthographic":false}