{"cameraMode":{"drawMode":0,"name":"Shaded","section":"Shading Mode"},"sceneLighting":false,"audioPlay":false,"sceneViewState":{"showFog":true,"showMaterialUpdate":true,"showSkybox":true,"showFlares":true,"showImageEffects":true,"showParticleSystems":true},"in2DMode":false,"pivot":{"x":-8.687759399414063,"y":2.347801685333252,"z":-12.044168472290039},"rotation":{"x":-0.0013729373458772898,"y":0.9985284805297852,"z":0.04465403035283089,"w":0.030741192400455476},"size":11.174187660217286,"orthographic":false}