{"cameraMode":{"drawMode":0,"name":"Shaded","section":"Shading Mode"},"sceneLighting":false,"audioPlay":false,"sceneViewState":{"showFog":true,"showMaterialUpdate":true,"showSkybox":true,"showFlares":true,"showImageEffects":true,"showParticleSystems":true},"in2DMode":false,"pivot":{"x":-9.139999389648438,"y":0.6201086044311523,"z":19.1200008392334},"rotation":{"x":0.09552110731601715,"y":0.9003320336341858,"z":-0.3422888517379761,"w":0.2512296140193939},"size":40.010372161865237,"orthographic":false}