{"cameraMode":{"drawMode":0,"name":"Shaded","section":"Shading Mode"},"sceneLighting":false,"audioPlay":false,"sceneViewState":{"showFog":true,"showMaterialUpdate":true,"showSkybox":true,"showFlares":true,"showImageEffects":true,"showParticleSystems":true},"in2DMode":false,"pivot":{"x":-9.75228500366211,"y":4.355319023132324,"z":-11.770347595214844},"rotation":{"x":0.028592463582754136,"y":0.9498180747032166,"z":0.09116736799478531,"w":-0.2978534996509552},"size":10.863648414611817,"orthographic":false}