{"cameraMode":{"drawMode":0,"name":"Shaded","section":"Shading Mode"},"sceneLighting":false,"audioPlay":false,"sceneViewState":{"showFog":true,"showMaterialUpdate":true,"showSkybox":true,"showFlares":true,"showImageEffects":true,"showParticleSystems":true},"in2DMode":false,"pivot":{"x":-11.895999908447266,"y":3.379000186920166,"z":-10.299999237060547},"rotation":{"x":0.010461365804076195,"y":-0.7295748591423035,"z":0.011173066683113575,"w":0.6837297081947327},"size":4.845234394073486,"orthographic":false}