{"cameraMode":{"drawMode":0,"name":"Shaded","section":"Shading Mode"},"sceneLighting":false,"audioPlay":false,"sceneViewState":{"showFog":true,"showMaterialUpdate":false,"showSkybox":true,"showFlares":true,"showImageEffects":true,"showParticleSystems":true},"in2DMode":false,"pivot":{"x":-8.539627075195313,"y":-0.04899999871850014,"z":5.777496337890625},"rotation":{"x":0.31759336590766909,"y":0.6790935397148132,"z":-0.4255848824977875,"w":0.5067976713180542},"size":0.2719607949256897,"orthographic":false}