{"cameraMode":{"drawMode":0,"name":"Shaded","section":"Shading Mode"},"sceneLighting":false,"audioPlay":false,"sceneViewState":{"showFog":true,"showMaterialUpdate":false,"showSkybox":true,"showFlares":true,"showImageEffects":true,"showParticleSystems":true},"in2DMode":false,"pivot":{"x":-1.303348422050476,"y":1.8369808197021485,"z":7.79111385345459},"rotation":{"x":0.09968716651201248,"y":-0.2156476527452469,"z":0.022197095677256585,"w":0.97111576795578},"size":0.510294497013092,"orthographic":true}