{"cameraMode":{"drawMode":0,"name":"Shaded","section":"Shading Mode"},"sceneLighting":false,"audioPlay":false,"sceneViewState":{"showFog":true,"showMaterialUpdate":false,"showSkybox":true,"showFlares":true,"showImageEffects":true,"showParticleSystems":true},"in2DMode":false,"pivot":{"x":-18.520000457763673,"y":0.14000000059604646,"z":20.309999465942384},"rotation":{"x":0.3820798695087433,"y":0.22720523178577424,"z":-0.09740368276834488,"w":0.8904523849487305},"size":6.510678291320801,"orthographic":true}