{"cameraMode":{"drawMode":0,"name":"Shaded","section":"Shading Mode"},"sceneLighting":false,"audioPlay":false,"sceneViewState":{"showFog":true,"showMaterialUpdate":false,"showSkybox":true,"showFlares":true,"showImageEffects":true,"showParticleSystems":true},"in2DMode":false,"pivot":{"x":-8.450000762939454,"y":-1.175431489944458,"z":-0.790001630783081},"rotation":{"x":0.002700922079384327,"y":0.9973307847976685,"z":-0.04971197992563248,"w":0.053410373628139499},"size":8.878192901611329,"orthographic":true}