{"cameraMode":{"drawMode":0,"name":"Shaded","section":"Shading Mode"},"sceneLighting":false,"audioPlay":false,"sceneViewState":{"showFog":true,"showMaterialUpdate":false,"showSkybox":true,"showFlares":true,"showImageEffects":true,"showParticleSystems":true},"in2DMode":false,"pivot":{"x":-2.614678144454956,"y":-0.5117581486701965,"z":12.826148986816407},"rotation":{"x":0.010123365558683873,"y":-0.8200819492340088,"z":-0.014507673680782318,"w":-0.5719726085662842},"size":2.111549139022827,"orthographic":false}