{"cameraMode":{"drawMode":0,"name":"Shaded","section":"Shading Mode"},"sceneLighting":false,"audioPlay":false,"sceneViewState":{"showFog":true,"showMaterialUpdate":false,"showSkybox":true,"showFlares":true,"showImageEffects":true,"showParticleSystems":true},"in2DMode":false,"pivot":{"x":-9.791597366333008,"y":3.7940335273742677,"z":-10.256765365600586},"rotation":{"x":0.00795044843107462,"y":-0.975081205368042,"z":0.03542026877403259,"w":0.21885834634304048},"size":15.312122344970704,"orthographic":false}