{"cameraMode":{"drawMode":0,"name":"Shaded","section":"Shading Mode"},"sceneLighting":false,"audioPlay":false,"sceneViewState":{"showFog":true,"showMaterialUpdate":false,"showSkybox":true,"showFlares":true,"showImageEffects":true,"showParticleSystems":true},"in2DMode":false,"pivot":{"x":1.6690000295639039,"y":-1.0333629846572877,"z":13.844362258911133},"rotation":{"x":-0.1077745333313942,"y":-0.8183793425559998,"z":0.163156658411026,"w":-0.5403886437416077},"size":0.4832962453365326,"orthographic":true}