{"cameraMode":{"drawMode":0,"name":"Shaded","section":"Shading Mode"},"sceneLighting":false,"audioPlay":false,"sceneViewState":{"showFog":true,"showMaterialUpdate":false,"showSkybox":true,"showFlares":true,"showImageEffects":true,"showParticleSystems":true},"in2DMode":false,"pivot":{"x":-11.161271095275879,"y":3.45379638671875,"z":-12.114855766296387},"rotation":{"x":-0.0015967333456501365,"y":0.997571587562561,"z":-0.06474295258522034,"w":-0.025627924129366876},"size":32.746822357177737,"orthographic":true}