{"cameraMode":{"drawMode":0,"name":"Shaded","section":"Shading Mode"},"sceneLighting":false,"audioPlay":false,"sceneViewState":{"showFog":true,"showMaterialUpdate":false,"showSkybox":true,"showFlares":true,"showImageEffects":true,"showParticleSystems":true},"in2DMode":false,"pivot":{"x":-14.6845703125,"y":-5.03466796875,"z":0.181640625},"rotation":{"x":0.030366327613592149,"y":-0.9626255035400391,"z":0.12225628644227982,"w":0.23975709080696107},"size":11.319965362548829,"orthographic":true}