{"cameraMode":{"drawMode":0,"name":"Shaded","section":"Shading Mode"},"sceneLighting":false,"audioPlay":false,"sceneViewState":{"showFog":true,"showMaterialUpdate":false,"showSkybox":true,"showFlares":true,"showImageEffects":true,"showParticleSystems":true},"in2DMode":false,"pivot":{"x":-10.648529052734375,"y":-0.998046875,"z":-6.9365234375},"rotation":{"x":-0.0021985347848385574,"y":0.9862788319587708,"z":-0.1645403504371643,"w":-0.013259627856314183},"size":8.812000274658204,"orthographic":true}