{"cameraMode":{"drawMode":0,"name":"Shaded","section":"Shading Mode"},"sceneLighting":true,"audioPlay":false,"sceneViewState":{"showFog":true,"showMaterialUpdate":false,"showSkybox":true,"showFlares":true,"showImageEffects":true,"showParticleSystems":true},"in2DMode":false,"pivot":{"x":-1.6785888671875,"y":1.9411239624023438,"z":6.896331787109375},"rotation":{"x":-0.012715286575257779,"y":0.6523494124412537,"z":-0.010988280177116394,"w":-0.757732093334198},"size":1.015730619430542,"orthographic":true}