{"cameraMode":{"drawMode":0,"name":"Shaded","section":"Shading Mode"},"sceneLighting":false,"audioPlay":false,"sceneViewState":{"showFog":true,"showMaterialUpdate":false,"showSkybox":true,"showFlares":true,"showImageEffects":true,"showParticleSystems":true},"in2DMode":false,"pivot":{"x":-7.921794414520264,"y":4.773838996887207,"z":1.8860015869140626},"rotation":{"x":-0.05613414943218231,"y":0.9397751688957214,"z":-0.18884646892547608,"w":-0.27930015325546267},"size":24.834747314453126,"orthographic":false}