{"cameraMode":{"drawMode":0,"name":"Shaded","section":"Shading Mode"},"sceneLighting":false,"audioPlay":false,"sceneViewState":{"showFog":true,"showMaterialUpdate":false,"showSkybox":true,"showFlares":true,"showImageEffects":true,"showParticleSystems":true},"in2DMode":false,"pivot":{"x":-0.3400000035762787,"y":2.9800000190734865,"z":7.090000152587891},"rotation":{"x":0.11988076567649842,"y":0.3052753508090973,"z":-0.038692496716976169,"w":0.9438953995704651},"size":6.033736705780029,"orthographic":true}